sector,ticker,company,market_cap,exchange,industry,sic_description,sentiment_score,short_pct_float,from_52w_high_pct,from_52w_low_pct,price_vs_sma20_pct,price_vs_sma50_pct,price_vs_sma200_pct,volume_vs_20d,yf_forward_pe,yf_trailing_pe,yf_price_to_book,yf_peg_ratio,yf_dividend_yield,value_grade,growth_grade,momentum_grade,dolt_value_score,production_factor_score,quant_factor_score,ts0,four_h_timestamp,four_h_close,rsi0,rsi1,rsi2,rsi3,rsi4,rsi5,rsi_delta_1,prior_delta_3_avg,rsi_accel,inflection_flag,dolt_value_norm,grade_value_norm,warehouse_value_score,forward_pe_score,trailing_pe_score,pb_score,peg_score,composite_value_score,rsi_accel_pct,rsi_delta_pct,grind_bonus,rsi_acceleration_score,opportunity_score,rank_in_sector,global_rank,is_top_inflection
Financials,MTG,MGIC Investment Corp.,5469138330.48,XNYS,Insurance - Specialty,SURETY INSURANCE,1.0,3.783093697720407,,,0.27290448343080254,-3.4201000345464805,-5.908692653963865,1.2743146364579454,7.642252,8.015873,1.0686926,0.4,2.35,,,,,4.803765894879659,4.808686868686868,1781006400000,2026-06-09 08:00:00-04:00,25.445,51.68807978682965,24.692458641781286,50.429671377,50.0333803673,46.3136782212,46.5434911369,26.99562114504836,-7.207073193139571,34.20269433818793,1,,,50.0,86.13861386138613,90.78947368421052,85.71428571428571,86.9047619047619,72.35545547035906,98.30508474576271,94.0677966101695,15.0,100.0,90.32440941462568,1,1,True
Financials,FNB,F.N.B. Corp,6250726944.44,XNYS,Banks - Regional,NATIONAL COMMERCIAL BANKS,1.0,8.274289877596566,,,3.636727803370632,3.1661938453475313,6.958188266491816,0.9052361520909276,9.029126,10.932098,0.9261583,1.05,2.94,,,,,7.338123513479668,7.103353535353534,1781006400000,2026-06-09 08:00:00-04:00,18.02,69.22799958551082,35.45004504993052,51.9690312657,52.3390003469,70.363056387,40.3220543328,33.77795453558029,-11.637670445689826,45.41562498127012,1,,,50.0,69.3069306930693,80.26315789473684,92.85714285714286,65.47619047619048,66.56858730985881,100.0,99.15254237288136,15.0,100.0,88.29900555845059,2,2,True
Financials,ASB,Associated Banc-Corp,5257560416.13,XNYS,Banks - Regional,STATE COMMERCIAL BANKS,0.8333,4.211597440529059,,,3.123986596043693,3.3593597642453066,7.827679161792411,1.3740883327567925,8.5870075,9.645833,0.94182265,1.78,3.42,,,,,7.7011128561531965,7.526828282828283,1781006400000,2026-06-09 08:00:00-04:00,28.28,65.1398045711317,35.48424123079987,55.4753493878,55.6930265229,38.2586787479,38.4399085347,29.655563340331838,-0.9248125057000441,30.58037584603188,1,,,50.0,74.25742574257426,81.57894736842105,91.96428571428571,44.04761904761905,66.79822235043052,93.22033898305085,97.45762711864407,15.0,99.74576271186442,88.21412358536256,3,3,True
Financials,ONB,Old National Bancorp,9311589300.0,XNAS,Banks - Regional,NATIONAL COMMERCIAL BANKS,1.0,6.033610526615472,,,2.4638412378069408,2.976037049400615,7.162448730111803,1.3752666033515275,8.184511,12.262887,1.1099188,1.59,2.42,,,,,7.396966094344657,7.352181818181817,1781006400000,2026-06-09 08:00:00-04:00,24.37,63.42106008799508,32.98661470373074,54.442940235,54.5721896025,36.323910869,38.5352764213,30.434445384264343,-1.112432055089755,31.5468774393541,1,,,50.0,76.23762376237623,72.36842105263158,84.82142857142857,50.595238095238095,65.16764528896499,95.76271186440678,98.30508474576271,15.0,100.0,87.80867585113775,4,4,True
Financials,HOMB,"Home BancShares, Inc.",5373710125.64,XNYS,Banks - Regional,STATE COMMERCIAL BANKS,0.9,5.170240813592647,,,3.867278609585467,2.6905596096196582,-0.8966324237790646,1.1108680280821424,10.468812,11.127572,1.220933,3.01,3.1,,,,,6.582823535826186,6.254282828282827,1781006400000,2026-06-09 08:00:00-04:00,27.51,68.11840774961222,39.88130718903278,62.8316143778,63.1943376976,48.3942421997,48.3942421997,28.237100560579435,-2.8376450035557403,31.074745564135174,1,,,50.0,52.475247524752476,78.94736842105263,75.89285714285714,33.333333333333336,58.011512382441246,94.91525423728814,94.91525423728814,15.0,100.0,85.30402933385443,5,5,True
Financials,FHN,First Horizon Corporation,11495243430.859999,XNYS,Banks - Regional,NATIONAL COMMERCIAL BANKS,0.5,2.869761021801345,,,2.683392871978052,2.281472654601413,6.0969250347111315,1.1630464917328707,10.331441,12.19598,1.370567,1.76,2.81,,,,,7.238902631002801,7.025010101010101,1781006400000,2026-06-09 08:00:00-04:00,24.645,61.41400621167429,33.05478410386199,57.2345932405,54.6730146667,40.8899883098,40.7364686157,28.3592221078123,-2.611734735312671,30.97095684312497,1,,,50.0,54.45544554455446,73.6842105263158,71.42857142857143,45.833333333333336,57.672445346038366,94.0677966101695,95.76271186440678,15.0,100.0,85.18535587111343,6,6,True
Financials,KEY,KeyCorp,23310852292.0,XNYS,Banks - Regional,NATIONAL COMMERCIAL BANKS,0.5,3.064421952710642,,,2.846046767344723,2.3758843776636285,9.435037882795495,1.8291347620856038,10.106257,13.368099,1.3548467,2.06,3.77,,,,,7.373035095240264,7.166848484848484,1781006400000,2026-06-09 08:00:00-04:00,22.075,69.02742222301458,34.53422911929259,54.060135032,56.275273661,37.1419769751,40.427338518,34.49319310372199,-0.8692492852691368,35.36244238899113,1,,,50.0,56.43564356435643,65.78947368421052,72.32142857142857,39.285714285714285,56.789831943720685,99.15254237288136,100.0,15.0,100.0,84.87644118030224,7,7,True
Financials,RF,Regions Financial Corp.,23749552542.539997,XNYS,Banks - Regional,NATIONAL COMMERCIAL BANKS,0.30000000000000004,6.304468129865097,,,3.1412240820683612,3.183481169484037,5.913995908265868,0.938801976809612,10.003432,11.850622,1.3990399,1.66,3.71,,,,,7.908212685830878,7.52880808080808,1781006400000,2026-06-09 08:00:00-04:00,29.01,66.37109236685004,39.77763923945678,58.0322590786,58.7897751004,44.9739866864,45.0707504591,26.593453127393254,-1.7321158156477405,28.325568943040995,1,,,50.0,57.42574257425743,75.0,70.53571428571429,48.80952380952381,58.62726897689769,90.67796610169492,93.22033898305085,15.0,97.11864406779661,83.64666278598199,8,8,True
Health Care,VTRS,Viatris Inc. Common Stock,19168536684.84,XNAS,Drug Manufacturers - Specialty & Generic,PHARMACEUTICAL PREPARATIONS,0.7000000000000001,3.530916344466121,,,-3.007565040900406,2.852745131288903,23.247176236819044,0.8788570153404723,5.954606,,1.2465764,0.15,3.02,,,,,6.293858224787074,6.53260606060606,1781006400000,2026-06-09 08:00:00-04:00,16.09,55.50407484617927,35.15018474498834,50.0188994262,46.3362377802,38.3346280057,38.823293026,20.353890101190935,-1.0614810869038867,21.41537118809482,1,,,50.0,98.01980198019803,50.0,73.21428571428571,95.83333333333333,67.77876001885903,81.35593220338983,88.13559322033899,15.0,89.57627118644066,81.9471422777871,1,9,True
Consumer Staples,CAG,"Conagra Brands, Inc.",6401489147.280001,XNYS,Packaged Foods,FOOD AND KINDRED PRODUCTS,-0.8,10.263246569419872,,,0.026843785663621667,-5.48370238617516,-21.362153691363073,1.0109777942067104,8.106775,,0.7706282,10.86,10.76,,,,,3.7486736524591535,4.070828282828283,1781006400000,2026-06-09 08:00:00-04:00,13.18,56.517734415152496,38.44041177879205,49.2199520973,49.8956897897,52.5767463262,53.9219684468,18.07732263636045,-4.712111515802651,22.7894341521631,1,,,50.0,81.18811881188118,50.0,97.32142857142857,13.095238095238095,63.05000589344648,83.89830508474576,81.35593220338983,15.0,90.0,80.56750206270627,1,10,True
Financials,BGC,"BGC Group, Inc. Class A Common Stock",5020513555.76,XNAS,Capital Markets,"SECURITY & COMMODITY BROKERS, DEALERS, EXCHANGES & SERVICES",0.6667000000000001,1.3261786831271891,,,1.930147058823528,0.6882025022243887,14.446703336394862,0.6692790338108797,6.6811147,29.16216,4.6974316,3.6,0.74,,,,,7.120986336680263,7.262444444444443,1781006400000,2026-06-09 08:00:00-04:00,10.905,59.36135389349261,36.4148720065018,54.9121892716,54.0723730448,51.9967370293,52.2158635651,22.94648188699081,-5.193955007599399,28.14043689459021,1,,,50.0,93.06930693069307,31.57894736842105,18.75,27.38095238095238,52.185716456984046,89.83050847457628,89.83050847457628,15.0,95.84745762711864,80.56584821757153,9,11,True
Real Estate,KIM,Kimco Realty Corp.,16468598720.640001,XNYS,REIT - Retail,REAL ESTATE INVESTMENT TRUSTS,0.4,4.140016549953946,,,5.864311401248479,7.432964243109352,15.150563331482726,1.9786926764388435,28.055555,27.862068,1.573515,3.37,4.29,,,,,8.426824838245121,8.091454545454546,1781006400000,2026-06-09 08:00:00-04:00,24.5,66.4507377150341,37.14276988812628,60.7361906357,61.2725345668,45.683915851,49.3748809031,29.307967826907813,-2.8470486542912403,32.155016481199056,1,,,50.0,15.841584158415841,35.526315789473685,64.28571428571429,29.761904761904763,40.4202957889774,96.61016949152543,96.61016949152543,15.0,100.0,79.14710352614209,1,12,True
Consumer Staples,KHC,The Kraft Heinz Company Common Stock,28909258814.44,XNAS,Packaged Foods,"CANNED, FROZEN & PRESERVD FRUIT, VEG & FOOD SPECIALTIES",-0.5,7.426792104844872,,,2.5089109227400597,4.691074269719886,-0.7252116168014022,0.8417722466482317,11.172409,,0.66057485,0.99,7.09,,,,,6.7235142526822385,6.5060808080808075,1781006400000,2026-06-09 08:00:00-04:00,23.46,56.62894065211881,38.3494176318437,56.5545679869,52.1183403985,51.588701772,51.2549179222,18.279523020275107,-4.4130947133854335,22.69261773366054,1,,,50.0,49.504950495049506,50.0,99.10714285714286,67.85714285714286,58.135166195190955,83.05084745762711,82.20338983050847,15.0,89.57627118644066,78.57188443950326,2,13,True
Financials,CRBG,"Corebridge Financial, Inc.",12144533687.39,XNYS,Asset Management,LIFE INSURANCE,0.375,4.231320679719219,,,0.2952029520295385,2.4369285504307836,-7.026542588034868,1.7511431289068056,4.6511946,67.825,1.2016122,,3.65,,,,,6.839448058063286,6.35191919191919,1781006400000,2026-06-09 08:00:00-04:00,27.56,60.23797977276769,40.97482022811035,56.1348682459,41.4799791528,43.9978057,42.6364391227,19.263159544657334,-1.0076618239632158,20.27082136862055,1,,,50.0,99.00990099009901,10.526315789473685,78.57142857142857,50.0,60.617136901660096,77.11864406779661,86.44067796610169,15.0,86.27118644067797,77.2922691020217,10,14,True
Real Estate,HR,Healthcare Realty Trust Incorporated,6999735875.599999,XNYS,REIT - Healthcare Facilities,REAL ESTATE INVESTMENT TRUSTS,0.5,4.668255897183984,,,1.8645291379353113,6.909957361424635,13.309740982571562,2.177647842299677,,,1.5261513,8.82,4.89,,,,,7.645591230885505,7.5882020202020195,1781006400000,2026-06-09 08:00:00-04:00,19.675,48.16861261963253,30.721689016210902,61.578656342,52.5709355356,52.5709355356,55.2515133632,17.44692360342163,-7.283082173129699,24.73000577655133,1,,,50.0,50.0,50.0,65.17857142857143,15.476190476190476,50.55059523809524,86.44067796610169,80.50847457627118,15.0,91.61016949152541,77.23931850282486,2,15,True
Consumer Discretionary,CMG,"Chipotle Mexican Grill, Inc.",41586236280.0,XNYS,Restaurants,RETAIL-EATING PLACES,-0.1,3.482515392902971,,,-3.0067276727353764,-7.163260821797435,-15.797282372512612,0.8595572627759162,21.576954,26.85321,15.64404,1.58,,,,,,3.792494174181896,4.01189898989899,1781006400000,2026-06-09 08:00:00-04:00,29.56,47.392570756148906,25.46034907518269,51.7145608925,52.0349566235,56.7431559479,53.10776189,21.932221680966215,-10.427602290905769,32.35982397187198,1,,,50.0,18.81188118811881,38.1578947368421,3.5714285714285716,52.38095238095238,33.58141641231792,97.45762711864407,88.98305084745763,15.0,100.0,76.75349574431127,1,16,True
Health Care,BAX,Baxter International Inc.,9942028404.0,XNYS,Medical Instruments & Supplies,SURGICAL & MEDICAL INSTRUMENTS & APPARATUS,0.30000000000000004,8.212050160423178,,,7.960132890365412,12.49335342077278,2.54597780947452,1.7823573780481299,9.541521,,1.6443038,36.68,1.03,,,,,8.040864471021811,7.451090909090908,1781006400000,2026-06-09 08:00:00-04:00,19.395,55.68515562721505,40.53678046101415,61.5731586335,61.5731586335,63.7026731426,61.0561926709,15.1483751662009,-7.721964227195282,22.870339393396183,1,,,50.0,62.37623762376238,50.0,58.92857142857143,3.5714285714285716,52.111916548797744,84.7457627118644,73.72881355932203,15.0,89.0677966101695,76.13323858868938,2,17,True
Energy,AM,Antero Midstream Corporation Common Stock,10050576800.0,XNYS,Oil & Gas Midstream,NATURAL GAS TRANSMISSION,0.8889,2.44662596319845,,,-0.45165026056743773,-0.7628652702353356,8.720397848863982,1.0805079503382702,14.320626,24.802324,5.2330713,,4.18,,,,,5.3258072377415875,5.424929292929292,1781006400000,2026-06-09 08:00:00-04:00,21.21,43.91030984400191,26.85498308902075,57.8599567755,59.2878470437,63.3183489071,63.6397350243,17.05532675498116,-12.154455272693085,29.209782027674244,1,,,50.0,36.633663366336634,40.78947368421053,15.178571428571429,50.0,40.05362260850145,91.52542372881356,78.8135593220339,15.0,94.83050847457628,75.65859842145008,1,18,True
Real Estate,KRG,Kite Realty Group Trust,5590422149.030001,XNYS,REIT - Retail,REAL ESTATE INVESTMENT TRUSTS,0.375,6.701437008205256,,,6.416737389764182,9.433103134249032,19.357028158988232,1.1481751230675699,50.08353,21.12121,1.9812393,3.14,4.19,,,,,8.124446431047707,7.7474343434343425,1781006400000,2026-06-09 08:00:00-04:00,28.105,69.59549775719421,43.43235319725314,55.9085802005,45.665427084,45.4299877915,40.3934603058,26.163144559941067,-0.6658781980822847,26.829022758023353,1,,,50.0,5.9405940594059405,46.05263157894737,46.42857142857143,30.952380952380953,36.90494801359836,88.98305084745763,92.37288135593221,15.0,95.76271186440678,75.16249451662384,3,19,True
Consumer Discretionary,GAP,"The Gap, Inc.",8786431593.550001,XNYS,Apparel Retail,RETAIL-FAMILY CLOTHING STORES,0.1,6.935342900721262,,,-3.611155524085796,-10.900537974950797,-14.149818738124386,0.7322862992626678,8.163032,8.448413,2.1027162,1.26,3.25,,,,,3.830623101415546,4.0424444444444445,1781006400000,2026-06-09 08:00:00-04:00,21.65,51.80956501477545,36.10806552285522,56.6606677064,56.5156879041,38.4472932591,36.1181321123,15.70149949192023,-0.77974257874826,16.48124207066849,1,,,50.0,77.22772277227723,88.15789473684211,43.75,59.523809523809526,62.069305379786094,73.72881355932203,75.42372881355932,15.0,81.69491525423729,74.82595179817937,2,20,True
Consumer Staples,ACI,"Albertsons Companies, Inc.",7872994684.64,XNYS,Grocery Stores,RETAIL-GROCERY STORES,0.30000000000000004,9.294009055887715,,,-5.1873914122611104,-7.381590272642402,-12.450832376003074,2.4596841766541364,6.5531435,40.35,4.3906417,1.44,4.16,,,,,3.7288380710733686,3.9903232323232327,1781006400000,2026-06-09 08:00:00-04:00,15.98,50.11195525216253,36.957955444869796,56.6576950312,55.5884242855,62.2424497132,60.1879041793,13.153999807292735,-8.42816475611007,21.582164563402806,1,,,50.0,94.05940594059406,19.736842105263158,22.321428571428573,55.95238095238095,52.62121113427132,82.20338983050847,71.1864406779661,15.0,86.77966101694915,74.8242035580119,3,21,True
Real Estate,DOC,"Healthpeak Properties, Inc.",13450578386.02,XNYS,REIT - Healthcare Facilities,REAL ESTATE INVESTMENT TRUSTS,0.8,4.030324042001341,,,4.25380479277202,13.029539527484623,15.72767023437114,0.5253304597393234,131.8,61.781254,1.7562406,4.32,6.16,,,,,8.089771467341324,7.805414141414141,1781006400000,2026-06-09 08:00:00-04:00,20.01,61.86665103130673,37.66742741478583,59.4315866804,59.4315866804,53.626904073,50.1312453824,24.199223616520904,-5.319825552738057,29.51904916925896,1,,,50.0,2.9702970297029703,13.157894736842104,55.357142857142854,22.61904761904762,32.15078227747587,92.37288135593221,90.67796610169492,15.0,97.79661016949153,74.82057040728606,4,22,True
Consumer Discretionary,VFC,V.F. Corporation,6338833826.9,XNYS,Apparel Manufacturing,"MEN'S & BOYS' FURNISHGS, WORK CLOTHG, & ALLIED GARMENTS",-0.8,7.295702458667651,,,-2.239961872989382,-8.963818526778288,-5.038569039448626,0.5241381994273124,11.989093,25.968752,1.7579861,0.4,2.17,,,,,4.121998658077527,4.486565656565657,1781006400000,2026-06-09 08:00:00-04:00,17.26,61.23396326763027,42.42792671148049,34.9109453748,38.5941174025,50.151078835,36.9808304929,18.806036556149785,-2.5743840411731704,21.380420597322956,1,,,50.0,44.554455445544555,39.473684210526315,54.464285714285715,86.9047619047619,49.574547445346035,80.50847457627118,84.7457627118644,15.0,88.30508474576271,74.74939669061688,3,23,True
Financials,HBAN,Huntington Bancshares Inc,32494903309.61,XNAS,Banks - Regional,NATIONAL COMMERCIAL BANKS,0.5,3.153103771898243,,,5.079246224884559,3.6358713044334356,0.64998132237577,1.2458371887448707,8.654305,12.684616,1.1272131,1.79,3.76,,,,,7.066635933671136,6.655555555555555,1781006400000,2026-06-09 08:00:00-04:00,16.85,68.33802041367892,42.21622395766151,54.6256710082,57.2042079546,42.1063519708,38.709014824,26.121796456017407,0.03662399562050448,26.0851724603969,0,,,50.0,73.26732673267327,68.42105263157895,83.92857142857143,42.857142857142854,63.31213243504802,88.13559322033899,91.52542372881356,0.0,80.0,74.1592463522668,11,24,False
Health Care,IBRX,"ImmunityBio, Inc. Common Stock",8263622878.53,XNAS,Biotechnology,"BIOLOGICAL PRODUCTS, (NO DIAGNOSTIC SUBSTANCES)",-0.4,12.616857901137276,,,-7.732980832782522,-7.679284712853507,39.805514105735426,0.6607671619932215,119.50001,,,,,,,,,4.8072971686371995,5.7410303030303025,1781006400000,2026-06-09 08:00:00-04:00,7.245,49.704010621713074,32.843322629347455,53.9026226701,58.5674868581,60.3443881781,50.5872416026,16.86068799236562,-9.16702184958418,26.0277098419498,1,,,50.0,3.9603960396039604,50.0,50.0,50.0,38.49009900990099,87.28813559322033,77.96610169491525,15.0,91.69491525423729,73.07322956871958,3,25,True
Consumer Discretionary,GME,GameStop Corp. Class A,9727625801.36,XNYS,Specialty Retail,RETAIL-COMPUTER & COMPUTER SOFTWARE STORES,-0.2,13.133957709407143,,,2.0064607124983036,-3.754518214521807,-3.2421643200086447,0.734449184736475,18.396694,16.61194,1.832853,0.31,,,,,,4.595783749237004,5.068969696969696,1781006400000,2026-06-09 08:00:00-04:00,22.254,54.050191288121354,36.942281984260006,55.3742788386,52.5193818031,47.4381538025,45.2255499168,17.107909303861348,-3.49862393941333,20.60653324327468,1,,,50.0,27.722772277227723,55.26315789473684,50.892857142857146,91.66666666666667,47.43742865827936,79.66101694915254,79.66101694915254,15.0,86.69491525423729,72.95479494565201,4,26,True
Real Estate,SBRA,"Sabra Healthcare REIT, Inc.",5114415126.6,XNAS,REIT - Healthcare Facilities,REAL ESTATE INVESTMENT TRUSTS,0.33330000000000004,11.639792990283777,,,-5.1459099843757965,-6.374214603035632,-2.6543751866933363,1.1733901569529075,24.430603,28.825397,1.6438853,5.28,6.5,,,,,3.9094114386924455,4.383191919191919,1781006400000,2026-06-09 08:00:00-04:00,18.32,41.78873770136152,26.449598651118663,55.1270626421,58.5491115503,49.2171731971,56.5950197309,15.339139050242856,-7.589191515327113,22.92833056556997,1,,,50.0,17.821782178217823,32.89473684210526,59.82142857142857,19.047619047619047,39.31525130896548,85.59322033898304,74.57627118644068,15.0,89.83050847457626,72.15016846661248,5,27,True
Real Estate,RITM,Rithm Capital Corp.,5169919088.22,XNYS,REIT - Mortgage,REAL ESTATE INVESTMENT TRUSTS,0.7778,5.54556603242143,,,-0.4456037387240541,-4.575381281773472,-14.117216872779093,0.968432202630986,3.829697,8.293578,0.72285306,,10.95,,,,,3.733473769354056,3.988707070707071,1781006400000,2026-06-09 08:00:00-04:00,9.23,55.45683040553451,37.14227623036921,46.7285048193,33.1017515044,33.9283038397,29.8627129795,18.3145541751653,1.071324130223071,17.243230044942226,0,,,50.0,100.0,89.47368421052632,98.21428571428571,50.0,75.6531954887218,75.42372881355932,83.05084745762711,0.0,69.40677966101694,71.59302520071364,6,28,False
Real Estate,VICI,VICI Properties Inc. Common Stock,30709770933.239998,XNYS,REIT - Diversified,REAL ESTATE INVESTMENT TRUSTS,0.9,2.565915433211811,,,1.1580117697222114,0.6258210603007797,-3.47168124657099,0.927296802013637,9.335605,9.383561,1.039099,,6.46,,,,,5.552479456518738,5.650848484848484,1781006400000,2026-06-09 08:00:00-04:00,27.6578,49.42957485800893,40.47059833195959,50.2563651952,47.1426531305,50.7638477463,52.4257888064,8.958976526049334,-3.4310831381134697,12.390059664162804,1,,,50.0,63.366336633663366,84.21052631578948,87.5,50.0,64.09816310578427,66.10169491525424,66.10169491525424,15.0,74.49152542372882,70.85384861244822,7,29,True
Health Care,OSCR,"Oscar Health, Inc.",6629831070.0,XNYS,Healthcare Plans,HOSPITAL & MEDICAL SERVICE PLANS,0.9,5.968096108367359,,,18.149001800022326,43.505127950924006,63.709962847537625,1.0498429322968186,18.751797,,4.919181,,,,,,,9.603165595909804,8.916989898989899,1781006400000,2026-06-09 08:00:00-04:00,27.88,79.24461245379251,59.84221200773612,51.8027258655,54.9417472602,62.9733333672,61.9088033574,19.40240044605639,-1.043707119821292,20.446107565877682,1,,,50.0,26.73267326732673,50.0,16.071428571428573,50.0,39.09388260254597,78.8135593220339,87.28813559322033,15.0,87.62711864406779,70.64048602953515,4,30,True
Energy,NOV,NOV Inc.,7260313950.400001,XNYS,Oil & Gas Equipment & Services,OIL & GAS FIELD MACHINERY & EQUIPMENT,0.7000000000000001,8.429714433854215,,,1.747297458079311,5.003098786895399,23.24818966797213,1.2329660497294375,16.0289,84.48,1.2248449,1.25,1.71,,,,,8.304255893139082,8.07519191919192,1781006400000,2026-06-09 08:00:00-04:00,21.17,56.060069639662295,42.73794676827666,62.1020491631,63.4844661063,58.3145407226,58.1310590638,13.322122871385638,-5.192197984774448,18.514320856160086,1,,,50.0,31.683168316831683,7.894736842105263,75.0,60.714285714285715,43.39071689123799,76.27118644067797,72.03389830508475,15.0,82.79661016949153,69.0045475221028,2,31,True
Real Estate,MAC,The Macerich Company,6431734333.030001,XNYS,REIT - Retail,REAL ESTATE INVESTMENT TRUSTS,0.7000000000000001,4.350022354206821,,,7.740839602038352,11.969041156188087,27.78850531405517,1.1994134540916528,779.6667,,2.5005345,4.8,2.87,,,,,9.155836208389324,8.627373737373738,1781006400000,2026-06-09 08:00:00-04:00,23.7,66.33004376783194,47.2447314436242,58.7382734921,59.7872945829,51.3088144341,51.5491078632,19.08531232420774,-1.3546943301586012,20.440006654366343,1,,,50.0,0.0,50.0,39.285714285714285,20.238095238095237,34.4047619047619,77.96610169491525,85.59322033898304,15.0,86.69491525423729,68.3933615819209,8,32,True
Energy,VG,"Venture Global, Inc.",33687894886.800003,XNYS,Oil & Gas Midstream,NATURAL GAS DISTRIBUTION,0.2,1.350072195512013,,,0.9533214326407968,1.7081458352465884,21.952898101884365,0.8628732774169556,13.402643,13.375,4.407827,0.8,0.56,,,,,8.455996234239835,8.07149494949495,1781179200000,2026-06-11 08:00:00-04:00,13.35,58.17866270915147,46.44523020632284,44.16854732927302,53.863848671377056,57.739544482468084,55.46167661538661,11.733432502828627,-3.7647714253817477,15.498203928210375,1,,,50.0,41.584158415841586,64.47368421052632,21.428571428571427,75.0,47.03137794982506,72.88135593220339,67.79661016949153,15.0,79.57627118644068,68.18555855362521,3,33,True
Energy,MGY,Magnolia Oil & Gas Corporation Class A Common Stock,5099013851.13,XNYS,Oil & Gas E&P,CRUDE PETROLEUM & NATURAL GAS,1.0,10.646761624106817,,,-2.2541129455306286,-4.390047351164251,8.150644397589545,0.898153163162626,10.697617,16.202312,2.5521262,,2.29,,,,,5.061737497659207,5.418565656565656,1781006400000,2026-06-09 08:00:00-04:00,27.8,47.02148646339309,40.31255838973545,55.2210410833,58.9121458869,65.5720108778,64.4311412603,6.708928073657638,-8.419817496021516,15.128745569679154,1,,,50.0,51.48514851485149,59.21052631578947,38.392857142857146,50.0,50.01179464750986,72.03389830508475,61.86440677966102,15.0,77.79661016949153,68.07192473679794,4,34,True
Health Care,PFE,Pfizer Inc.,149382431669.49,XNYS,Drug Manufacturers - General,PHARMACEUTICAL PREPARATIONS,0.30000000000000004,2.853949897162331,,,-0.6077100851143213,-3.3247596997176054,-0.9512261203223793,0.9393538209551054,9.030284,19.557253,1.6204934,13.77,6.61,,,,,4.747782976371417,4.750303030303029,1781006400000,2026-06-09 08:00:00-04:00,25.6487,45.20185747090555,36.91599192284962,57.8809646951,52.7703890694,50.5830436691,49.797976447,8.28586554805593,-4.555683915416793,12.841549463472724,1,,,50.0,68.31683168316832,48.68421052631579,61.607142857142854,9.523809523809524,54.09910140450135,67.79661016949153,64.40677966101696,15.0,75.33898305084746,67.90502447462632,5,35,True
Financials,FLG,"Flagstar Bank, National Association",5906270278.74,XNYS,Banks - Regional,"SAVINGS INSTITUTIONS, NOT FEDERALLY CHARTERED",0.5,8.741522578444263,,,4.5694993590785105,3.7732468556276544,12.648663366818024,1.272472840479921,9.055154,,0.7709565,0.78,0.29,,,,,7.535476562402353,7.3006262626262615,1781006400000,2026-06-09 08:00:00-04:00,14.36,61.60430142513305,42.85447421442509,48.4453840274,49.3998867509,36.4082294927,36.6691961151,18.749827210707963,2.148748240575029,16.601078970132935,0,,,50.0,66.33663366336634,50.0,96.42857142857143,76.19047619047619,62.35796793965111,74.57627118644068,83.89830508474576,0.0,68.98305084745762,66.66427182972534,12,36,False
Consumer Staples,KVUE,Kenvue Inc.,33964953336.920002,XNYS,Household & Personal Products,"PERFUMES, COSMETICS & OTHER TOILET PREPARATIONS",0.1,3.630145642654984,,,3.7888090363539684,3.8165733122732526,4.0312333461772765,0.5965824100543162,14.191336,20.892857,3.1764703,1.49,4.69,,,,,7.534115954020808,7.342141414141413,1781006400000,2026-06-09 08:00:00-04:00,17.54,56.00902228719374,43.844893121442354,55.9692572699,53.166112939,46.3384452698,45.8088310158,12.164129165751383,-0.8311840494525479,12.99531321520393,1,,,50.0,38.613861386138616,47.36842105263158,33.035714285714285,54.76190476190476,44.45218088538178,68.64406779661017,68.64406779661017,15.0,76.77966101694915,65.46504297090057,4,37,True
Financials,VLY,Valley National Bancorp,7430903119.9800005,XNAS,Banks - Regional,NATIONAL COMMERCIAL BANKS,0.6000000000000001,6.764665514995342,,,4.722109233443028,6.158067563312497,17.94520462368525,1.8457210712818202,8.950974,12.405406,1.0283794,1.16,3.19,,,,,8.290786446155414,7.901999999999999,1781006400000,2026-06-09 08:00:00-04:00,14.13,63.63391030452792,47.4005294519027,60.2653714923,59.9439619654,42.4316369448,40.9519086285,16.233380852625224,1.6562975023675672,14.577083350257658,0,,,50.0,70.29702970297029,71.05263157894737,88.39285714285714,63.095238095238095,64.64584263877515,70.33898305084746,77.11864406779661,0.0,64.66101694915254,64.65570594052045,13,38,False
Real Estate,STWD,"STARWOOD PROPERTY TRUST, INC.",6336093061.3,XNYS,REIT - Mortgage,REAL ESTATE INVESTMENT TRUSTS,0.8,4.413557144670848,,,-0.24035929853465365,-2.938774803839539,-6.805942862040304,0.7373765567250034,8.810296,17.726316,0.9183117,1.74,11.26,,,,,4.319701923523587,4.338707070707071,1781006400000,2026-06-09 08:00:00-04:00,17.115,55.24950590173325,39.24858952178764,46.0642424652,42.1366538122,35.3009636641,35.9316172771,16.000916379945608,1.3158752858958802,14.685041094049728,0,,,50.0,72.27722772277228,51.31578947368421,93.75,47.61904761904762,62.21012773269808,71.1864406779661,76.27118644067797,0.0,65.08474576271186,64.07862945220704,9,39,False
Real Estate,WY,Weyerhaeuser Company,16958922163.68,XNYS,REIT - Specialty,REAL ESTATE INVESTMENT TRUSTS,0.7000000000000001,3.335328134540243,,,1.229757191041836,-0.11658577322829489,-0.4329271936385548,0.8212436166924392,34.533714,42.982143,1.8386679,1.86,3.43,,,,,5.950914417733131,5.713696969696969,1781006400000,2026-06-09 08:00:00-04:00,24.44,53.21849796555778,40.5417533200888,51.0334700621,52.4218120635,44.4732920474,41.2570261239,12.676744645468979,-1.310512909103733,13.987257554572713,1,,,50.0,10.891089108910892,18.42105263157895,50.0,41.666666666666664,35.069263505297904,69.49152542372882,70.33898305084746,15.0,77.71186440677965,62.78695409126104,10,40,True
Real Estate,RYN,Rayonier Inc.,6348773877.53,XNYS,REIT - Specialty,REAL ESTATE INVESTMENT TRUSTS,0.33330000000000004,3.84408304245589,,,0.6714674970806023,-0.6692463537115612,-7.253473209500038,0.8292100919608962,32.888073,45.173912,1.1762708,23.24,4.96,,,,,5.09462303231183,5.037919191919191,1781006400000,2026-06-09 08:00:00-04:00,21.13,56.628848815802584,44.25528804109697,54.6987784227,52.4862302787,44.7966222055,44.0139655623,12.373560774705616,-0.1804447214676775,12.554005496173295,1,,,50.0,11.881188118811881,15.789473684210526,80.35714285714286,5.9523809523809526,37.689908558525026,66.94915254237289,69.49152542372882,15.0,75.76271186440678,62.437230707348164,11,41,True
Real Estate,AGNC,AGNC Investment Corp. Common Stock,12110653819.6,XNAS,REIT - Mortgage,REAL ESTATE INVESTMENT TRUSTS,-0.1,9.178477853119857,,,-1.3134615999821686,-3.2852242243721963,-3.432500313749509,1.1649277793611115,6.7227,7.8984375,1.1362103,3.48,14.16,,,,,3.9623156922277634,4.173393939393939,1781006400000,2026-06-09 08:00:00-04:00,10.235,49.95872408549494,39.463773706593145,33.624499843,27.9779934883,25.952759164,20.5186266297,10.494950378901798,4.503671514197715,5.991278864704083,0,,,50.0,92.07920792079207,92.10526315789474,83.03571428571429,28.571428571428573,70.7195200253108,61.86440677966102,66.94915254237289,0.0,56.69491525423729,61.60352692411301,12,42,False
Communication Services,SIRI,"Sirius XM Holdings,  Inc",10054837488.32,XNAS,Entertainment,RADIO BROADCASTING STATIONS,0.8,8.319742833056685,,,-0.9709086340876971,4.218212312027614,20.12012012012012,5.359997678643503,8.13037,11.627119,0.7948785,1.15,4.0,,,,,7.692433632754569,7.379353535353534,1781006400000,2026-06-09 08:00:00-04:00,28.69,58.23108509053086,50.68324108342588,57.1640971654,54.8794649162,47.9147709634,40.1155758426,7.547844007104985,0.9228233733419581,6.625020633763026,0,,,50.0,80.1980198019802,77.63157894736842,95.53571428571429,64.28571428571429,69.23888464974316,62.71186440677966,63.559322033898304,0.0,56.61016949152542,61.030219796901626,1,43,False
Utilities,AES,AES Corporation,10476286803.97,XNYS,Utilities - Diversified,COGENERATION SERVICES & SMALL POWER PRODUCERS,-0.7000000000000001,3.073563897639567,,,-0.03416467372733267,0.9856977193660743,2.293027922570534,0.9788451571731436,6.1579294,7.6614585,2.3733463,0.81,4.8,,,,,6.59228511172873,6.465434343434342,1781006400000,2026-06-09 08:00:00-04:00,14.7,52.3011297558273,51.20552333041259,73.8155855164,71.9678765054,68.3371448732,70.7689465543,1.095606425414708,-5.710540514262472,6.80614693967718,1,,,50.0,96.03960396039604,94.73684210526316,41.07142857142857,73.80952380952381,68.07161778207896,63.559322033898304,51.69491525423729,0.0,54.83050847457627,59.464896732202206,1,44,True
Consumer Discretionary,LKQ,LKQ Corporation,6991460512.400001,XNAS,Auto Parts,WHOLESALE-MOTOR VEHICLES & MOTOR VEHICLE PARTS & SUPPLIES,-1.0,4.7033402908703525,,,-1.8648377899360469,-9.885366544013563,-16.349048129677048,0.9664401318536106,7.5386786,12.53,0.9890674,0.92,4.76,,,,,3.141891488411687,3.6946262626262625,1781006400000,2026-06-09 08:00:00-04:00,25.605,48.433887557572625,41.15554365807387,36.2734024855,36.3802229841,28.5667922463,25.3754150529,7.278343899498758,4.196250470591289,3.082093428907469,0,,,50.0,88.11881188118812,69.73684210526316,90.17857142857143,70.23809523809524,69.52891976227697,58.47457627118644,62.71186440677966,0.0,53.474576271186436,59.09359649306812,5,45,False
Utilities,PCG,PG&E Corporation,36402774753.840004,XNYS,Utilities - Regulated Electric,ELECTRIC & OTHER SERVICES COMBINED,0.4,1.6653208700143152,,,1.3732682571922172,-0.6996163394267563,2.088478716811304,0.700595037774235,9.142704,12.775194,1.1459565,0.74,1.17,,,,,6.138636145657783,6.169919191919191,1781006400000,2026-06-09 08:00:00-04:00,16.475,43.12387854325642,39.404079296100946,46.721852033,46.9665317382,54.7889754342,51.2281942514,3.7197992471554713,-5.128298712699684,8.848097959855156,1,,,50.0,65.34653465346534,67.10526315789474,82.14285714285714,79.16666666666667,62.68218504181245,65.2542372881356,56.779661016949156,0.0,57.03389830508475,59.01079866293944,2,46,True
Industrials,ADT,ADT Inc.,5179354707.12,XNYS,Security & Protection Services,"SERVICES-DETECTIVE, GUARD & ARMORED CAR SERVICES",0.30000000000000004,4.083492839547277,,,-1.8674478213108525,-3.3133225583006465,-13.878427188709065,0.8986530880312895,6.8873653,8.776316,1.3992028,,3.24,,,,,4.407714825238766,4.360626262626263,1781006400000,2026-06-09 08:00:00-04:00,6.68,41.89453687098902,40.56499046870065,51.6450465173,54.8928191595,51.2313309892,49.5409531457,1.329546402288372,-3.5554468401664514,4.884993242454824,1,,,50.0,91.08910891089108,86.84210526315789,69.64285714285714,50.0,68.74502158862502,59.32203389830509,53.389830508474574,0.0,52.20338983050847,57.99296094584926,1,47,True
Consumer Staples,PPC,Pilgrims Pride Corporation,6790292196.139999,XNAS,Packaged Foods,POULTRY SLAUGHTERING AND PROCESSING,0.4,2.251804090653413,,,3.172105060679198,-6.369418665177051,-22.0950361333786,1.4981747229526423,7.728348,7.823056,1.8648942,0.61,,,,,,4.242197531869611,4.372606060606061,1781006400000,2026-06-09 08:00:00-04:00,29.655,56.995611276632644,52.22522948400582,48.4728288515,47.0437829348,44.035931773,44.2451264217,4.7703817926268215,2.729765903668607,2.0406158889582144,0,,,50.0,85.14851485148515,93.42105263157895,49.107142857142854,82.14285714285714,66.77350089332242,55.932203389830505,60.16949152542373,0.0,51.1864406779661,56.64191175334081,5,48,False
Real Estate,NLY,Annaly Capital Management. Inc.,15871933120.14,XNYS,REIT - Mortgage,REAL ESTATE INVESTMENT TRUSTS,0.2,1.9403854051602971,,,-0.5641740753942748,-2.607401382601904,-3.0679930943302125,0.8948925632034532,7.024199,6.76129,1.057731,32.03,13.2,,,,,4.033947712987462,4.198424242424243,1781006400000,2026-06-09 08:00:00-04:00,21.285,48.9599469626651,44.14867390257035,41.2746861815,33.9569404217,27.0204767918,25.7612939579,4.811273060094749,5.70939903692345,-0.8981259768287018,0,,,50.0,89.10891089108911,97.36842105263158,86.60714285714286,4.761904761904762,70.11165754733369,50.847457627118644,61.016949152542374,0.0,47.79661016949152,55.60687675173628,13,49,False
Communication Services,T,AT&T Inc.,172874670214.8,XNYS,Telecom Services,TELEPHONE COMMUNICATIONS (NO RADIOTELEPHONE),0.0,1.8433749136530122,,,-4.21163409752171,-9.00679802723916,-11.585331012178457,1.1694154309185776,8.815543,7.4013157,1.4325736,1.59,4.88,,,,,3.571512919550889,3.8736565656565656,1781006400000,2026-06-09 08:00:00-04:00,22.5901,27.95032782433195,31.85566235189235,52.6000842673,51.314952149,52.3327405356,54.2401470882,-3.905334527560399,-6.825692727902552,2.920358200342153,0,,,50.0,71.2871287128713,96.05263157894737,68.75,50.595238095238095,65.07193881982184,57.6271186440678,42.3728813559322,0.0,48.8135593220339,54.50399214625968,2,50,False
Industrials,AAL,American Airlines Group Inc.,9689292257.050001,XNAS,Airlines,"AIR TRANSPORTATION, SCHEDULED",0.30000000000000004,11.315905183396948,,,-1.0416071373925195,7.013259915751369,2.6227256343577476,1.680400980619223,6.102596,43.870968,,0.75,,,,,,6.8528799486702985,6.344868686868686,1781006400000,2026-06-09 08:00:00-04:00,13.9401,56.2311604571241,51.56537080404256,62.995742634,62.9935009067,39.5174022634,31.9668624405,4.665789653081539,4.015989513547519,0.6498001395340198,0,,,50.0,97.02970297029702,17.105263157894736,50.0,77.38095238095238,58.19226283530609,54.23728813559322,59.32203389830509,0.0,49.83050847457627,52.757122500831706,2,51,False
Consumer Discretionary,ALH,Alliance Laundry Holdings Inc.,5072464972.08,XNYS,"Furnishings, Fixtures & Appliances",REFRIGERATION & SERVICE INDUSTRY MACHINERY,0.0,1.394315893146488,,,0.8578948425853605,2.0532628583045387,7.303170644816515,1.1529045693464774,17.594048,36.295776,11.875576,,,,,,,6.9016727614935425,7.216969696969696,1781006400000,2026-06-09 08:00:00-04:00,26.16,70.96929654997176,57.48075999075514,32.657248329,32.190474847,33.5084434617,34.266407973,13.48853655921662,7.990772176351714,5.497764382864905,0,,,50.0,29.702970297029704,25.0,8.035714285714286,50.0,34.88109971711457,61.016949152542374,72.88135593220339,0.0,57.28813559322034,49.44567303658332,6,52,False
Industrials,QXO,"QXO, Inc.",12822066117.119999,XNYS,Industrial Distribution,WHOLESALE-LUMBER & OTHER CONSTRUCTION MATERIALS,0.6000000000000001,16.798322695935312,,,-9.391733349377308,-20.847655387720344,-26.329229098486962,1.3987746033946993,21.07576,,1.212736,2.07,,,,,,2.875176180837192,3.4291919191919193,1781006400000,2026-06-09 08:00:00-04:00,16.025,46.46789118947684,42.67559128145491,50.9311358265,46.1292830985,35.5136217324,34.9422086616,3.792299908021924,2.3873231830183053,1.404976725003619,0,,,50.0,22.77227722772277,50.0,76.78571428571429,38.095238095238095,46.61568835454975,55.08474576271186,57.6271186440678,0.0,50.08474576271186,48.87057566985513,3,53,False
Energy,PR,Permian Resources Corporation,16176406555.68,XNYS,Oil & Gas E&P,CRUDE PETROLEUM & NATURAL GAS,0.8333,2.530490567426225,,,-1.3790438715798214,-3.492259521591623,20.62454043609103,0.9579172309938075,9.20825,22.011236,1.4476796,1.23,3.23,,,,,5.667330910860555,5.8335757575757565,1781006400000,2026-06-09 08:00:00-04:00,19.485,44.253342967992786,48.18203202384554,58.1399401719,61.3023663129,61.1622505009,67.0901701683,-3.9286890558527503,-4.326739492351488,0.39805043649873806,0,,,50.0,64.35643564356435,43.421052631578945,67.85714285714286,61.904761904761905,55.87607632943745,52.54237288135593,41.52542372881356,0.0,45.08474576271186,48.861711461065816,5,54,False
Consumer Discretionary,LEVI,Levi Strauss & Co. Class A Common Stock,8991860348.38,XNYS,Apparel Manufacturing,APPAREL & OTHER FINISHD PRODS OF FABRICS & SIMILAR MATL,0.4,2.6006530157258343,,,2.6340503555297268,3.911039472611866,6.75362008735656,1.005919149843933,13.691709,16.933825,4.0135937,,2.49,,,,,8.039014985736008,7.689030303030302,1781006400000,2026-06-09 08:00:00-04:00,23.57,64.7370787275843,56.27222791589939,46.385530237,45.3128695225,32.1469801436,33.4186105406,8.464850811684911,8.041749257433132,0.42310155425177953,0,,,50.0,40.59405940594059,52.63157894736842,25.892857142857142,50.0,44.427180265018976,53.389830508474574,65.2542372881356,0.0,50.42372881355932,48.3249368215702,7,55,False
Consumer Discretionary,GNTX,Gentex Corp,5142787129.2,XNAS,Auto Parts,MOTOR VEHICLE PARTS & ACCESSORIES,0.8,6.264966528959166,,,2.9345542271393077,6.534229149374138,2.01764433058067,1.5846751492618578,11.14876,13.882022,2.1029787,0.82,1.95,,,,,7.534258371721322,7.245333333333333,1781006400000,2026-06-09 08:00:00-04:00,24.95,60.45872086591628,57.091591580285254,44.7970203314,44.6351977493,42.7656795376,42.7656795376,3.367129285631023,4.775304014228418,-1.4081747285973947,0,,,50.0,50.495049504950494,61.8421052631579,42.857142857142854,72.61904761904762,51.95960197523512,50.0,55.932203389830505,0.0,46.186440677966104,48.20704713201026,8,56,False
Information Technology,NVTS,Navitas Semiconductor Corporation Common Stock,6844288643.5199995,XNAS,Semiconductors,SEMICONDUCTORS & RELATED DEVICES,0.4,15.23336089729532,,,-18.14378862090852,11.50718220480269,82.17904174090651,0.7898287860682216,,,13.517393,,,,,,,6.67775811805149,6.861535353535352,1781006400000,2026-06-09 08:00:00-04:00,24.1156,41.34308111722764,41.73190338386408,63.1726794779,62.2760686794,49.9228050802,47.3521206979,-0.3888222666364385,-2.7303005654453067,2.3414782988088683,0,,,50.0,50.0,50.0,6.25,50.0,43.4375,56.779661016949156,47.45762711864407,0.0,49.237288135593225,47.2073622881356,1,57,False
Health Care,AVTR,"Avantor, Inc.",6247211928.3,XNYS,Medical Instruments & Supplies,LABORATORY ANALYTICAL INSTRUMENTS,-0.8,5.947444557897471,,,12.033435885528544,16.25105408986871,-9.19869020286802,0.6902507698191966,11.39236,,1.1725556,,,,,,,7.703305222444051,6.890585858585857,1781006400000,2026-06-09 08:00:00-04:00,9.795,62.79050170628425,60.53788947607714,41.3888411628,40.0247586623,41.5979653483,37.699945839,2.252612230207113,6.3133080425923795,-4.060695812385267,0,,,50.0,47.524752475247524,50.0,81.25,50.0,54.06868811881188,46.610169491525426,54.23728813559322,0.0,43.47457627118644,47.18251541785534,6,58,False
Communication Services,CMCSA,Comcast Corp,89877270494.12,XNAS,Telecom Services,CABLE & OTHER PAY TELEVISION SERVICES,-0.2,2.347132571786335,,,-2.6035370722143902,-9.550924301255403,-17.3731771340523,0.7125464749906835,6.2788043,4.6588235,0.9627618,142.98,5.54,,,,,3.520679864606627,3.814686868686869,1781006400000,2026-06-09 08:00:00-04:00,23.755,41.18279331706654,49.96695125033083,49.0358161001,47.5731928258,40.0664688615,40.9942104133,-8.78415793326429,3.3001607962769435,-12.084318729541232,0,,,50.0,95.04950495049505,98.6842105263158,91.07142857142857,2.380952380952381,72.34476972133304,36.440677966101696,36.440677966101696,0.0,32.79661016949153,46.63846601263606,3,59,False
Real Estate,INVH,Invitation Homes Inc. Common Stock,17470773925.96,XNYS,REIT - Residential,REAL ESTATE OPERATORS (NO DEVELOPERS) & LESSORS,0.4,3.155872040795718,,,2.008583690987087,6.414986210107809,7.336141679371666,1.1557832428886685,44.231,30.926315,1.919634,13.14,3.99,,,,,7.8081489067994,7.539979797979797,1781006400000,2026-06-09 08:00:00-04:00,29.38,49.803368163605924,47.033688028540325,56.9300517661,58.5534958848,53.4135378785,52.9803700678,2.769680135065599,-2.126616616653225,4.896296751718824,1,,,50.0,7.920792079207921,30.263157894736842,48.214285714285715,10.714285714285714,34.28752884686965,60.16949152542373,55.08474576271186,0.0,53.13559322033898,46.53877068962471,14,60,True
Consumer Staples,CPB,The Campbell's Company Common Stock,6201446950.400001,XNAS,Packaged Foods,FOOD AND KINDRED PRODUCTS,0.4,16.354001124440547,,,9.713689468061236,9.551722777450266,-14.734014472410383,1.5628639081754052,10.419444,11.679347,1.5989584,0.67,7.2,,,,,6.579894124785321,6.095050505050504,1781006400000,2026-06-09 08:00:00-04:00,21.63,55.3369308862435,57.87022761261393,43.8623488264,43.198711648,46.9339367312,48.8264842427,-2.5332967263704305,3.645430293804644,-6.178727020175074,0,,,50.0,53.46534653465346,76.3157894736842,62.5,80.95238095238095,58.23632410233505,42.3728813559322,44.91525423728814,0.0,38.644067796610166,45.501357503613875,6,61,False
Health Care,SMMT,Summit Therapeutics Inc. Common Stock,13512991649.45,XNAS,Biotechnology,PHARMACEUTICAL PREPARATIONS,-0.1,4.654564121673236,,,-19.399890495023662,-30.271766990365954,-28.67100221259271,1.556641559796706,,,20.042614,,,,,,,2.777520881373378,3.310323232323232,1781006400000,2026-06-09 08:00:00-04:00,14.4266,37.077644118188154,35.88390421691868,57.114211494,52.4071384294,27.0180577552,23.7730812651,1.193739901269474,2.9552821539062264,-1.7615422526367523,0,,,50.0,50.0,50.0,1.7857142857142858,50.0,42.767857142857146,49.152542372881356,52.54237288135593,0.0,44.91525423728814,44.16366525423729,7,62,False
Information Technology,SAIL,"SailPoint, Inc. Common Stock",9387533814.85,XNAS,Software - Infrastructure,SERVICES-PREPACKAGED SOFTWARE,0.7000000000000001,2.528303584638458,,,-8.712807140135459,7.923761070439372,-16.239240998835946,1.5827310087133508,45.829018,,1.4568064,,,F,B,C,0.0,5.713837140936558,4.965949494949495,1781179200000,2026-06-11 08:00:00-04:00,14.73,29.74684183587462,31.15946526758748,28.52858362160522,53.291275182195164,56.554772382640806,57.717987190567335,-1.4126234317128592,-8.465102371684443,7.052478939971584,0,0.0,0.0,0.0,6.930693069306931,50.0,66.96428571428571,50.0,21.77731612446959,64.40677966101696,46.610169491525426,0.0,54.406779661016955,42.98646742322538,2,63,False
Real Estate,HST,"Host Hotels & Resorts, Inc.",16080965517.880001,XNAS,REIT - Hotel & Motel,REAL ESTATE INVESTMENT TRUSTS,0.125,5.362354070103633,,,4.035445897224288,10.760664471493575,26.63850127696026,1.3076075003838836,24.44,16.62585,2.451846,2.34,3.25,,,,,8.827897695181814,8.347272727272728,1781006400000,2026-06-09 08:00:00-04:00,24.58,63.632503054701864,63.09415198135114,63.8286362555,64.5586789278,54.5404417419,54.2510878023,0.5383510733507251,2.851236746483714,-2.312885673132989,0,,,50.0,16.831683168316832,53.94736842105263,40.17857142857143,34.523809523809526,40.05300224571329,48.30508474576271,50.0,0.0,43.813559322033896,42.497364345321685,15,64,False
Consumer Discretionary,CZR,"Caesars Entertainment, Inc. Common Stock",5923409190.08,XNAS,Resorts & Casinos,HOTELS & MOTELS,0.6000000000000001,11.499642482588651,,,3.378117655312729,6.114071726919179,19.503090981713633,0.4749846533217024,34.821854,,1.7509704,4.51,,,,,,7.566613793079802,7.618181818181817,1781006400000,2026-06-09 08:00:00-04:00,29.4001,65.13390818663852,64.76550885838991,52.8506887617,52.7881413261,54.7437502771,52.1917648497,0.3683993282486142,3.340586193763303,-2.9721868655146886,0,,,50.0,9.900990099009901,50.0,56.25,21.428571428571427,39.484176096181045,47.45762711864407,49.152542372881356,0.0,43.050847457627114,41.80251248112099,9,65,False
Financials,WULF,TeraWulf Inc. Common Stock,11357608223.400002,XNAS,Capital Markets,FINANCE SERVICES,0.30000000000000004,21.951137043655315,,,-4.504040768003303,6.4596541323699075,49.357069020484246,1.0710448167870952,139.78378,,77.425156,,,,,,,7.21946701455369,7.075353535353535,1781006400000,2026-06-09 08:00:00-04:00,27.27,62.56747121012603,58.64506451001849,46.2883993802,48.0697611861,45.3835714888,41.7398184654,3.922406700107537,4.420497673739497,-0.4980909736319603,0,,,50.0,1.9801980198019802,50.0,0.0,50.0,30.495049504950494,51.69491525423729,58.47457627118644,0.0,47.881355932203384,41.79614868266487,14,66,False
Consumer Discretionary,M,Macy's Inc.,5552179553.95,XNYS,Department Stores,RETAIL-DEPARTMENT STORES,0.30000000000000004,13.040631453190219,,,10.449126397961184,16.400791042888784,17.30684751371023,1.0920893408948025,9.768557,9.198347,1.2046106,3.81,3.46,,,,,8.683414939755956,7.888424242424242,1781006400000,2026-06-09 08:00:00-04:00,22.135,49.95950071536713,61.48031269430128,63.706018357,64.1390404575,57.8154805604,56.7723932314,-11.520811978934155,1.2216107113004284,-12.742422690234584,0,,,50.0,59.40594059405941,85.52631578947368,77.67857142857143,25.0,60.582218231221624,35.59322033898305,31.35593220338983,0.0,31.1864406779661,41.47496282160553,10,67,False
Financials,BMNR,"BitMine Immersion Technologies, Inc.",10964353765.75,XNYS,Capital Markets,FINANCE SERVICES,0.7000000000000001,4.656993423041678,,,-15.65777765793943,-23.444413987547474,-50.58943580654691,0.8390872893665025,17.925533,,0.8442307,,0.06,,,,,2.759421488907507,3.321010101010101,1781006400000,2026-06-09 08:00:00-04:00,16.76,42.86025323988081,45.959447446589635,39.3317540505,30.9632859302,25.6221776694,25.6271210427,-3.099194206708823,6.7790899257298785,-9.8782841324387,0,,,50.0,28.712871287128714,50.0,94.64285714285714,50.0,51.374646393210746,38.983050847457626,44.067796610169495,0.0,36.101694915254235,41.44722793253901,15,68,False
Industrials,RDW,Redwire Corporation,5151995055.2,XNYS,Aerospace & Defense,GUIDED MISSILES & SPACE VEHICLES & PARTS,0.6000000000000001,18.530466372175876,,,-17.3567498471628,13.55479190530735,53.403346606969706,0.5178240682030697,,,3.3788211,,,,,,,8.426362101313234,7.628424242424241,1781006400000,2026-06-09 08:00:00-04:00,16.96,37.45331578818652,47.199535422518615,63.8107509982,60.9909229681,60.8660050044,59.4995260732,-9.746219634332093,-4.555489860627129,-5.190729773704963,0,,,50.0,50.0,50.0,32.142857142857146,50.0,47.32142857142857,44.067796610169495,33.05084745762712,0.0,37.45762711864407,40.909957627118644,4,69,False
Communication Services,NWSA,News Corporation Class A Common Stock,14522850396.84,XNAS,Entertainment,NEWSPAPERS: PUBLISHING OR PUBLISHING & PRINTING,-0.1429,2.961924327497009,,,1.8966298927006076,3.6247531371750297,2.8495267949330216,0.8895870896020006,20.957573,34.253162,1.7345042,3.07,0.73,,,,,6.767134040056358,6.8937777777777764,1781006400000,2026-06-09 08:00:00-04:00,27.26,61.273548829905124,60.34555379866189,40.2623357164,39.3216346903,41.8728053595,47.8716086675,0.9279950312432348,6.157582813053963,-5.229587781810729,0,,,50.0,23.762376237623762,27.63157894736842,57.142857142857146,32.142857142857146,40.26390233008263,43.220338983050844,50.847457627118644,0.0,40.42372881355932,40.36778954434248,4,70,False
Communication Services,SNAP,Snap Inc.,9793821119.94,XNYS,Internet Content & Information,"SERVICES-COMPUTER PROGRAMMING, DATA PROCESSING, ETC.",-0.1,6.731654464647185,,,-5.439512925610101,-4.464118285496732,-19.735012154625586,0.8613944388332954,7.6256547,,4.600977,508.87,,,,,,4.239060079004664,4.311676767676768,1781006400000,2026-06-09 08:00:00-04:00,5.715,46.69284381660966,54.86310123166209,50.3572029117,47.7385988474,46.7607032553,46.1683279138,-8.170257415052433,2.7007993254540303,-10.871056740506463,0,,,50.0,87.12871287128714,50.0,19.642857142857142,0.0,52.22860678925035,37.28813559322034,38.13559322033898,0.0,33.728813559322035,40.20374118979694,5,71,False
Industrials,TTEK,Tetra Tech Inc,7072048047.75,XNAS,Engineering & Construction,SERVICES-ENGINEERING SERVICES,0.33330000000000004,5.043904125672447,,,-1.1247919842251264,-8.424111516563526,-18.92178940476814,1.164588275542222,16.080807,16.520958,3.897443,2.1,1.03,,,,,3.2100760438366955,3.768949494949495,1781006400000,2026-06-09 08:00:00-04:00,28.1,53.443768705878966,55.6863727672592,46.1960657458,39.0693390752,40.5858668282,40.5858668282,-2.2426040613802343,5.033501979686402,-7.276106041066636,0,,,50.0,30.693069306930692,56.578947368421055,26.785714285714285,36.904761904761905,42.02320467009107,40.67796610169491,45.76271186440678,0.0,37.62711864406779,39.16574875317594,5,72,False
Information Technology,CIFR,Cipher Digital Inc. Common Stock,10058519754.23,XNAS,Information Technology Services,FINANCE SERVICES,1.0,12.843046114083926,,,-7.299809263403945,6.952415842390214,26.229946283212712,0.8098775051788683,36.25373,,13.785472,,,,,,,7.558767080502068,6.999131313131312,1781006400000,2026-06-09 08:00:00-04:00,25.555,58.34825375454668,58.49395142089182,48.7904816892,51.477392167,44.6236976823,41.0099943767,-0.1456976663451357,4.62341791286394,-4.769115579209076,0,,,50.0,8.910891089108912,50.0,5.357142857142857,50.0,33.031294200848656,45.76271186440678,48.30508474576271,0.0,41.69491525423729,38.662647885551266,3,73,False
Information Technology,CWAN,"Clearwater Analytics Holdings, Inc.",7241085024.25,XNYS,Software - Application,SERVICES-PREPACKAGED SOFTWARE,-0.6000000000000001,7.376903763194339,,,-0.15389350569406934,0.5047959748510689,10.13609707186458,0.740081027574499,28.27498,,3.537346,10.24,,,,,,6.3107959691869215,6.476040404040403,1781006400000,2026-06-09 08:00:00-04:00,24.38,51.8622236019171,56.22255712226919,57.6708672465,56.824170374,54.2763671364,64.251575141,-4.360333520352086,0.6487299952897297,-5.009063515641816,0,,,50.0,14.851485148514852,50.0,31.25,14.285714285714286,36.61465700141443,44.91525423728814,39.83050847457627,0.0,39.40677966101695,38.429536730156066,4,74,False
Financials,RKT,"Rocket Companies, Inc.",40743787996.8,XNYS,Mortgage Finance,MORTGAGE BANKERS & LOAN CORRESPONDENTS,0.0,2.991699293388563,,,-7.388944278276288,-13.34153386867165,-27.82858425466035,0.6161245330458142,11.374207,,1.5033475,0.43,,,,,,2.9862659777013913,3.453515151515152,1781006400000,2026-06-09 08:00:00-04:00,12.825,41.96837729108754,51.04412053547725,47.9153265841,47.5719690082,33.9199792714,31.2093764847,-9.075743244389706,5.708047088025748,-14.783790332415453,0,,,50.0,48.51485148514851,50.0,66.07142857142857,83.92857142857143,53.73585572842998,32.20338983050848,34.74576271186441,0.0,29.491525423728817,37.977041030374224,16,75,False
Health Care,ELAN,Elanco Animal Health Incorporated Common Stock,11976801000.34,XNYS,Drug Manufacturers - Specialty & Generic,PHARMACEUTICAL PREPARATIONS,0.5,6.637666769260273,,,1.1409870865027427,0.0008745157369371981,1.9241696656379315,1.183664495044129,19.979076,,1.8192993,4.04,,,,,,6.389739495721668,6.26280808080808,1781006400000,2026-06-09 08:00:00-04:00,24.295,53.76162297897351,57.872730019258114,49.7734593477,48.8422008963,38.6281438773,37.6718324506,-4.111107040284601,6.414862047319372,-10.525969087603972,0,,,50.0,25.742574257425744,50.0,52.67857142857143,23.80952380952381,43.027905469118345,38.13559322033898,40.67796610169491,0.0,34.83050847457627,37.699597422665995,8,76,False
Financials,MARA,"MARA Holdings, Inc. Common Stock",5463606307.99,XNAS,Capital Markets,FINANCE SERVICES,0.30000000000000004,25.871152691819958,,,-6.308893342474775,5.416873616194717,0.24581274153669952,0.846420152689505,,,2.3515358,0.1,,,,,,6.058583904808641,5.996747474747474,1781006400000,2026-06-09 08:00:00-04:00,13.995,55.48153458907039,65.15008430745758,61.0520904539,61.0925486196,52.208814922,49.5533220805,-9.668549718387183,4.3137564618191915,-13.982306180206376,0,,,50.0,50.0,50.0,41.964285714285715,98.80952380952381,51.235119047619044,33.05084745762712,33.898305084745765,0.0,29.915254237288135,37.37720692090395,17,77,False
Consumer Discretionary,DKNG,DraftKings Inc. Class A Common Stock,12170039881.01,XNAS,Gambling,SERVICES-MISCELLANEOUS AMUSEMENT & RECREATION,0.7000000000000001,8.54243465563501,,,13.326379184790094,19.304148916773034,-5.739757915863142,2.2801066857820635,14.47058,275.33334,20.311476,0.09,,,,,,7.661078241773156,6.963232323232322,1781006400000,2026-06-09 08:00:00-04:00,26.275,63.865071874482844,67.12650777940038,50.0156108845,46.6777227279,56.1170760929,53.1583738968,-3.2614359049175405,3.669810562166795,-6.9312464670843354,0,,,50.0,34.65346534653465,2.6315789473684212,0.8928571428571429,100.0,34.1920317501675,41.52542372881356,43.220338983050844,0.0,37.711864406779654,36.4799229769654,11,78,False
Consumer Staples,CELH,"Celsius Holdings, Inc. Common Stock",8492372759.2,XNAS,Beverages - Non-Alcoholic,BOTTLED & CANNED SOFT DRINKS & CARBONATED WATERS,0.1,12.342158726423323,,,-4.44256196328936,-11.88067207993294,-38.1251551233113,0.745319004480189,13.789299,65.11628,5.74359,0.3,,,,,,3.0862234681981295,3.5045656565656564,1781006400000,2026-06-09 08:00:00-04:00,28.245,35.706180335844806,44.580003353242304,40.6845128156,40.9961291076,46.2603656572,44.6848502553,-8.873823017397498,-0.5601207679858978,-8.3137022494116,0,,,50.0,39.603960396039604,11.842105263157896,14.285714285714286,92.85714285714286,38.46302017419788,39.83050847457627,35.59322033898305,0.0,35.0,36.21205706096926,7,79,False
Industrials,AMTM,"Amentum Holdings, Inc.",5824501044.96,XNYS,Specialty Business Services,"SERVICES-BUSINESS SERVICES, NEC",0.7000000000000001,5.666433194747011,,,-4.592566893620697,-11.958444385750056,-18.351592886196933,0.4761258462793281,8.148129,37.683334,1.1974367,,,,,,,3.1830193608365267,3.5962020202020204,1781006400000,2026-06-09 08:00:00-04:00,22.7,44.07587187718198,57.809068079777624,37.0837832363,36.6145948273,40.6700249447,36.1065931981,-13.733196202595643,5.713014378359207,-19.44621058095485,0,,,50.0,79.20792079207921,22.36842105263158,79.46428571428571,50.0,57.5768862130574,26.271186440677965,27.11864406779661,0.0,23.813559322033896,35.63072373389212,6,80,False
Communication Services,PINS,"Pinterest, Inc. Class A Common Stock",11567248802.55,XNYS,Internet Content & Information,"SERVICES-COMPUTER PROGRAMMING, DATA PROCESSING, ETC.",-0.6000000000000001,12.525057268419879,,,7.500864154856557,9.176437548269313,-13.286796849327331,1.0191646253789444,9.784466,45.8125,3.0794008,0.33,,,,,,6.827329110754484,6.288484848484847,1781006400000,2026-06-09 08:00:00-04:00,21.9499,62.66383883667364,67.14951693028871,37.2404092507,35.6706454274,34.9148197427,36.2715940555,-4.485678093615071,10.744899062529571,-15.230577156144642,0,,,50.0,58.415841584158414,14.473684210526315,33.92857142857143,90.47619047619048,46.38810826571379,30.508474576271187,38.983050847457626,0.0,29.152542372881356,35.18499043537271,6,81,False
Industrials,SARO,"StandardAero, Inc.",9408956807.6,XNYS,Aerospace & Defense,AIRCRAFT ENGINES & ENGINE PARTS,0.8,5.023677003365565,,,-5.495889052097458,-4.701446598953519,-10.548715198593051,0.8808907474988563,14.38444,28.170456,3.0623841,0.74,,,,,,3.64108023082723,4.051191919191919,1781006400000,2026-06-09 08:00:00-04:00,25.23,42.975974460938126,53.16706863841558,54.6900984893,54.1963229215,43.079591519,43.079591519,-10.191094177477453,3.3624923731385272,-13.55358655061598,0,,,50.0,35.64356435643565,34.21052631578947,34.82142857142857,79.16666666666667,43.22401765552495,33.898305084745765,32.20338983050848,0.0,30.16949152542373,34.73857567095916,7,82,False
Information Technology,LYFT,"Lyft, Inc. Class A Common Stock",5201650688.4,XNAS,Software - Application,"SERVICES-BUSINESS SERVICES, NEC",0.0,23.581904210436523,,,-2.3374463685612468,-3.7105592625911954,-22.638707598435936,0.657931872731538,6.9055195,2.0497077,1.7724401,0.15,,,,,,3.997884240129864,4.1005656565656565,1781006400000,2026-06-09 08:00:00-04:00,14.14,53.408369508931685,73.20819227675646,45.297758452,43.441194716,42.2273843888,42.2273843888,-19.79982276782478,10.326935962652156,-30.126758730476936,0,,,50.0,90.0990099009901,100.0,53.57142857142857,95.83333333333333,70.35213342762849,16.10169491525424,19.491525423728813,0.0,15.16949152542373,34.483416191195396,5,83,False
Information Technology,QBTS,D-Wave Quantum Inc.,10924428063.3,XNYS,Computer Hardware,SERVICES-COMPUTER PROCESSING & DATA PREPARATION,0.30000000000000004,14.750323779359844,,,-7.033467951537419,9.352071339880364,-1.4644710549235218,0.4736515109197568,,,10.871212,,,,,,,5.522571763500608,5.217474747474746,1781006400000,2026-06-09 08:00:00-04:00,26.23,47.86827799843258,56.40831111140109,42.4864432685,43.229747074,37.1129891923,33.5666354234,-8.540033112968509,6.431773973033697,-14.971807086002205,0,,,50.0,50.0,50.0,8.928571428571429,50.0,43.839285714285715,31.35593220338983,37.28813559322034,0.0,29.406779661016948,34.45815677966102,6,84,False
Consumer Discretionary,F,Ford Motor Company,66345132289.49999,XNYS,Auto Manufacturers,MOTOR VEHICLES & PASSENGER CAR BODIES,0.0,3.245384776391147,,,-3.8952660017742335,7.82492248669906,10.639924300627989,0.585904408962141,8.151199,,1.5959145,8.48,4.03,,,,,7.713647312913104,6.822969696969696,1781006400000,2026-06-09 08:00:00-04:00,15.33,47.195229952383315,64.30742004010195,52.6572216119,52.7384703499,50.9293631715,49.7267819593,-17.11219008771863,4.459352289533982,-21.571542377252612,0,,,50.0,78.21782178217822,50.0,63.392857142857146,16.666666666666668,57.39671735030646,23.728813559322035,25.423728813559322,0.0,21.694915254237287,34.1905459878615,12,85,False
Consumer Staples,HRL,Hormel Foods Corporation,11533956978.720001,XNYS,Packaged Foods,MEAT PACKING PLANTS,0.8,4.569779521221113,,,10.193887256092804,12.85608790527486,4.095703078085067,0.5821553814744979,15.147048,27.811764,1.6365525,1.76,4.95,,,,,7.74099474298845,7.114949494949494,1781006400000,2026-06-09 08:00:00-04:00,23.68,59.073227748057704,71.17704697119427,61.5019390234,58.9414503564,56.5114368726,54.6760721932,-12.103819223136568,4.888536699531424,-16.992355922667993,0,,,50.0,33.663366336633665,36.8421052631579,60.714285714285715,45.833333333333336,45.340966897441625,29.661016949152543,29.661016949152543,0.0,26.694915254237287,33.221033329358804,8,86,False
Communication Services,PSKY,Paramount Skydance Corporation Class B Common Stock,12098260756.980001,XNAS,Entertainment,TELEVISION BROADCASTING STATIONS,0.0,6.66915455714982,,,-0.6366099639988576,-3.0452080164591777,-21.614426534071598,0.7555618407731964,11.959988,346.33334,0.9923591,1.31,1.96,,,,,3.9051637920030453,4.157979797979798,1781006400000,2026-06-09 08:00:00-04:00,10.41,47.28179385366645,59.54124461803125,33.5052434879,33.6809627295,36.0676926465,32.9747223212,-12.2594507643648,7.82451732384375,-20.08396808820855,0,,,50.0,45.54455445544554,1.3157894736842106,89.28571428571429,58.333333333333336,47.893030844437824,25.423728813559322,27.966101694915253,0.0,23.389830508474574,31.965950626061712,7,87,False
Information Technology,S,"SentinelOne, Inc.",6153507405.96,XNYS,Software - Infrastructure,SERVICES-PREPACKAGED SOFTWARE,0.2,6.352160809320082,,,-12.997441101208873,-3.628117913832185,-5.191396071116062,0.6149636504718403,31.847776,,3.7015276,,,,,,,4.328100290685653,4.5577575757575755,1781006400000,2026-06-09 08:00:00-04:00,15.36,36.04100466550576,54.5218785350407,71.4342165423,75.0909105138,71.1169762614,70.7550352285,-18.48087386953494,-5.531699242119767,-12.949174627415172,0,,,50.0,12.871287128712872,50.0,30.357142857142858,50.0,37.77139321074965,34.74576271186441,22.033898305084747,0.0,28.728813559322035,31.8937164373217,7,88,False
Information Technology,RGTI,"Rigetti Computing, Inc. Common Stock",8984739753.210001,XNAS,Computer Hardware,SERVICES-COMPUTER PROGRAMMING SERVICES,-0.30000000000000004,18.69562395872257,,,-11.06429669444583,2.5653522477662394,-17.535386521969997,0.5265492590187563,,,12.394647,,,,,,,4.934157958784086,4.798787878787878,1781006400000,2026-06-09 08:00:00-04:00,22.255,44.63283873446906,56.85580091500564,44.7335892413,44.8129027007,36.9469740725,34.9486032507,-12.222962180536577,6.636275614168547,-18.859237794705123,0,,,50.0,50.0,50.0,7.142857142857143,50.0,43.57142857142857,27.966101694915253,28.8135593220339,0.0,25.338983050847453,31.720338983050844,8,89,False
Communication Services,WBD,"Warner Bros. Discovery, Inc. Series A Common Stock",67943404624.200005,XNAS,Entertainment,CABLE & OTHER PAY TELEVISION SERVICES,0.1,2.43146729699145,,,-2.718558261588433,-3.322356876360466,6.1437289279355545,0.6731995763350759,,,1.82766,216.92,,,,,,4.539038746715422,4.752282828282827,1781006400000,2026-06-09 08:00:00-04:00,26.505,42.591039738423724,59.97400251811121,57.5920233429,55.6372470703,49.4561575453,52.8767103114,-17.38296277968749,3.505948324270404,-20.88891110395789,0,,,50.0,50.0,50.0,51.785714285714285,1.1904761904761905,47.82738095238095,24.576271186440678,22.88135593220339,0.0,21.779661016949152,30.896362994350284,8,90,False
Information Technology,CORZ,"Core Scientific, Inc. Common Stock",8824495705.92,XNAS,Software - Infrastructure,FINANCE SERVICES,0.0,22.60389165787513,,,-1.344237566455364,15.344469140662609,40.437929086663104,0.8974098602140645,91.51583,,,,,,,,,8.52846611104641,7.856060606060605,1781006400000,2026-06-09 08:00:00-04:00,28.33,57.81353094127353,69.4742526370433,49.3502762209,51.4594664697,48.9511550407,46.8929415437,-11.66072169576978,6.841032532114435,-18.501754227884216,0,,,50.0,4.9504950495049505,50.0,50.0,50.0,38.73762376237624,28.8135593220339,30.508474576271187,0.0,26.27118644067797,30.634439503272365,9,91,False
Financials,RIOT,"Riot Platforms, Inc. Common Stock",10489915120.199999,XNAS,Capital Markets,FINANCE SERVICES,0.2,16.49217721703563,,,-5.5395299218641725,14.576871135944991,38.38353150922038,1.0873731597226541,,,4.065517,,,,,,,6.924942100839895,6.910747474747474,1781006400000,2026-06-09 08:00:00-04:00,26.81,54.0717564962436,68.88257075964502,54.9487852394,56.5079164596,47.3012061649,41.1554703311,-14.810814263401419,7.193788198248339,-22.004602461649757,0,,,50.0,50.0,50.0,25.0,50.0,46.25,22.88135593220339,26.271186440677965,0.0,21.271186440677965,30.013771186440678,18,92,False
Communication Services,LUMN,"Lumen Technologies, Inc.",11199481330.9,XNYS,Telecom Services,TELEPHONE COMMUNICATIONS (NO RADIOTELEPHONE),0.2,5.9671630044700965,,,-15.34716884447861,-7.025956191891247,5.31415748674009,0.6033184052096253,,,,17.14,,,,,,6.162469198754983,5.817070707070706,1781006400000,2026-06-09 08:00:00-04:00,9.11,36.46857833438375,55.3778682476616,45.353478653,47.9411027901,43.9501199255,44.2879113644,-18.909289913277853,3.809249440720535,-22.718539353998388,0,,,50.0,50.0,50.0,50.0,8.333333333333334,47.916666666666664,22.033898305084747,21.1864406779661,0.0,19.661016949152543,29.550494350282484,9,93,False
Information Technology,DBX,"Dropbox, Inc. Class A",6110143997.31,XNAS,Software - Infrastructure,SERVICES-PREPACKAGED SOFTWARE,0.4,11.324194816106148,,,1.682449204743941,8.914011108047394,1.4933097922690486,1.0491499784552452,8.016374,14.918032,,13.1,,,,,,7.208755508968518,6.948787878787877,1781006400000,2026-06-09 08:00:00-04:00,27.37,50.604047726962285,74.68265016816105,56.2688418172,55.8355784302,60.1009131515,60.9009084342,-24.07860244119876,4.8605790055536815,-28.939181446752443,0,,,50.0,82.17821782178218,60.526315789473685,50.0,11.904761904761905,57.7187399191047,16.949152542372882,11.864406779661017,0.0,14.237288135593221,29.455796259822236,10,94,False
Materials,CDE,"Coeur Mining, Inc.",19157637303.09,XNYS,Gold,GOLD AND SILVER ORES,0.6000000000000001,3.632350896306823,,,-14.042671872821089,-17.089915206817874,-17.926485352194433,1.3575330998865796,7.832874,13.491935,1.6621958,3.75,0.24,,,,,2.9797366740038242,3.6335353535353536,1781006400000,2026-06-09 08:00:00-04:00,16.86,38.7052874633663,62.17465070803486,44.3959597734,43.6854803613,36.3153983189,33.1771507279,-23.469363244668564,8.619750796378286,-32.08911404104685,0,,,50.0,84.15841584158416,63.1578947368421,58.035714285714285,26.19047619047619,60.5281691233033,13.559322033898304,14.40677966101695,0.0,12.372881355932204,29.227232074512088,1,95,False
Materials,MOS,The Mosaic Company,7539322395.679999,XNYS,Agricultural Inputs,AGRICULTURAL CHEMICALS,0.0,6.55985689752949,,,-11.541551370168701,-15.545291074730926,-26.87992739641628,1.6828515394982853,11.674766,152.71428,0.5757061,2.02,3.96,,,,,2.8986264516044966,3.475919191919192,1781006400000,2026-06-09 08:00:00-04:00,21.555,32.6249828199108,51.64351468889845,43.0774714052,39.1343367981,37.8007018585,37.9410564592,-19.01853186898765,4.61427094346615,-23.6328028124538,0,,,50.0,46.53465346534654,3.9473684210526314,100.0,40.476190476190474,49.24957815330406,19.491525423728813,20.338983050847457,0.0,17.71186440677966,28.7500642180632,2,96,False
Real Estate,COMP,"Compass, Inc.",6246199456.2,XNYS,Real Estate Services,REAL ESTATE AGENTS & MANAGERS (FOR OTHERS),0.2,5.812806665333206,,,-2.1160747432248384,1.0036519651658526,-14.125348763991285,0.7725620179148666,9.712594,379.0,2.0058217,,,,,,,3.811103170782828,4.233555555555555,1781006400000,2026-06-09 08:00:00-04:00,7.635,40.6610793604195,57.93038398080706,51.5952981759,49.7061468533,39.1969883508,35.9919654695,-17.269304620387558,6.244465210002353,-23.51376983038991,0,,,50.0,60.396039603960396,0.0,45.535714285714285,50.0,44.429367043847236,21.1864406779661,23.728813559322035,0.0,19.576271186440678,28.274854736532973,16,97,False
Financials,FIGR,"Figure Technology Solutions, Inc. Class A Common Stock",7678832485.7699995,XNAS,Capital Markets,LOAN BROKERS,0.6000000000000001,4.15360322745753,,,-18.201422077165198,-19.32702587742994,-29.05970324813898,0.9322218711395421,20.079279,33.975613,4.9057937,,,,,,,2.757551725493438,3.374464646464647,1781006400000,2026-06-09 08:00:00-04:00,27.49,25.450966964883932,42.56662099278755,25.5927925703,28.0679383037,35.6545120015,36.171962054,-17.115654027903616,2.304036330429182,-19.419690358332797,0,,,50.0,24.752475247524753,28.94736842105263,16.964285714285715,50.0,35.57486693218194,27.11864406779661,24.576271186440678,0.0,23.89830508474576,27.985101731348422,19,98,False
Industrials,PLUG,Plug Power Inc.,5747684617.84,XNAS,Electrical Equipment & Parts,ELECTRICAL INDUSTRIAL APPARATUS,0.30000000000000004,24.89508143224695,,,-21.256915831627467,-11.641836787025328,12.852498824617541,0.5370512474065066,,,5.9293685,0.84,,,,,,5.553289701294267,5.82711111111111,1781006400000,2026-06-09 08:00:00-04:00,3.1826,31.66701635614575,52.34469886763109,45.3565562809,44.2916362097,43.4888534387,39.3925461195,-20.677682511485337,2.9519484763103634,-23.6296309877957,0,,,50.0,50.0,50.0,12.5,71.42857142857143,45.44642857142857,20.338983050847457,17.796610169491526,0.0,17.796610169491522,27.474046610169488,8,99,False
Materials,HL,Hecla Mining Company,11361868106.820002,XNYS,Other Precious Metals & Mining,MINING & QUARRYING OF NONMETALLIC MINERALS (NO FUELS),0.30000000000000004,4.905211660443977,,,-17.378092257209943,-22.368270558456683,-19.785642115221247,1.3688629250807154,12.492868,21.57971,3.8846858,5.64,0.1,,,,,2.767513997799896,3.4590303030303033,1781006400000,2026-06-09 08:00:00-04:00,14.96,31.12323292676797,51.137892349504995,39.8891504938,39.0624567919,35.7099824853,30.0080616748,-20.014659422737026,5.142636621401664,-25.15729604413869,0,,,50.0,42.57425742574257,44.73684210526316,27.678571428571427,17.857142857142858,42.39873352936798,18.64406779661017,18.64406779661017,0.0,16.779661016949152,25.746336396295742,3,100,False
Industrials,ACHR,Archer Aviation Inc.,5195109825.99,XNYS,Aerospace & Defense,AIRCRAFT,0.1,12.070629745166181,,,-18.482449917150745,-15.407466321283458,-35.5287475718754,0.677424926972122,,,2.0881925,,,,,,,2.799595764193662,3.3788484848484845,1781006400000,2026-06-09 08:00:00-04:00,5.825,35.83808742354252,61.58804356012602,42.5487905048,40.5700676731,42.3739662049,39.2214375278,-25.7499561365835,6.404692451742005,-32.15464858832551,0,,,50.0,50.0,50.0,44.642857142857146,50.0,49.19642857142857,12.711864406779661,9.322033898305085,0.0,10.762711864406779,24.2145127118644,9,101,False
Consumer Discretionary,AUR,"Aurora Innovation, Inc. Class A Common Stock",13865705839.230001,XNAS,Auto Parts,SERVICES-COMPUTER INTEGRATED SYSTEMS DESIGN,0.2,8.976366699981268,,,-14.782731178252007,0.44494620799575557,19.854787505386028,0.8934144922371323,,,6.23506,,,,,,,5.96266990206883,6.356020202020201,1781006400000,2026-06-09 08:00:00-04:00,6.285,34.480851408448174,58.10668166660294,43.6515533189,43.2271695768,37.2598914531,36.8976084596,-23.625830258154764,6.948930071167645,-30.57476032932241,0,,,50.0,50.0,50.0,11.607142857142858,50.0,44.24107142857143,15.254237288135593,12.711864406779661,0.0,13.220338983050848,24.077595338983052,13,102,False
Financials,OWL,Blue Owl Capital Inc.,6845878443.690001,XNYS,Asset Management,INVESTMENT ADVICE,-0.6000000000000001,20.575866603187166,,,-3.926143857157316,-1.2327652739825834,-29.414220015950754,0.9516816671886389,9.582422,78.5,3.0318635,0.14,9.39,,,,,4.19313190482298,4.195717171717172,1781006400000,2026-06-09 08:00:00-04:00,9.655,44.50239011808763,68.12202572938578,48.6387018319,46.6411578238,40.6915284635,40.9663820751,-23.61963561129815,9.143499088628595,-32.763134699926745,0,,,50.0,61.386138613861384,9.210526315789474,36.607142857142854,97.61904761904762,47.100137410357576,11.864406779661017,13.559322033898304,0.0,11.016949152542372,23.646065042777693,20,103,False
Consumer Staples,PRMB,Primo Brands Corporation,9024541136.94,XNYS,Beverages - Non-Alcoholic,BEVERAGES,-0.5,10.61441966416479,,,-3.03441261230718,6.070299388983091,13.374527399669978,0.7367565246983687,15.688106,122.052635,2.8460972,,2.09,,,,,6.112641377325775,6.406929292929292,1781006400000,2026-06-09 08:00:00-04:00,23.255,38.98111887924818,61.238817456909274,48.2938997956,48.6064892317,46.1804450684,44.3929833274,-22.257698577661095,5.019457462836425,-27.27715604049752,0,,,50.0,32.67326732673267,5.2631578947368425,37.5,50.0,37.08279051589369,17.796610169491526,16.10169491525424,0.0,15.677966101694915,23.169654646664487,9,104,False
Communication Services,TTD,"The Trade Desk, Inc.",10003905922.08,XNAS,Advertising Agencies,"SERVICES-COMPUTER PROGRAMMING, DATA PROCESSING, ETC.",-0.30000000000000004,16.258212433707385,,,-8.517825152381365,-12.323880765932039,-44.50670698584756,1.0662491951793418,9.041499,22.079546,3.7300825,0.95,,,,,,3.006078514872007,3.433575757575758,1781006400000,2026-06-09 08:00:00-04:00,19.63,36.53978857359714,64.93046064795814,41.9517914897,41.3205659899,45.2277535857,45.642040016,-28.390672074361,6.567569020752714,-34.95824109511371,0,,,50.0,67.32673267326733,42.10526315789474,29.464285714285715,69.04761904761905,51.019496451524844,9.322033898305085,7.627118644067797,0.0,8.050847457627118,23.08987460549132,10,105,False
Information Technology,GEN,Gen Digital Inc. Common Stock,14819872808.400002,XNAS,Software - Infrastructure,SERVICES-PREPACKAGED SOFTWARE,0.4,4.92877297695823,,,-2.1170857767617512,12.830195596781003,-0.9286430704877335,0.7045717309065861,7.8679547,16.471338,5.923042,1.51,1.9,,,,,6.959157447954769,6.169434343434343,1781006400000,2026-06-09 08:00:00-04:00,25.68,43.77573979046099,79.52815221670534,70.9099003977,67.6619753926,67.8547115719,68.3063961582,-35.75241242624435,3.8911468816017796,-39.643559307846125,0,,,50.0,83.16831683168317,57.89473684210526,13.392857142857142,53.57142857142857,54.16378973423658,7.627118644067797,4.237288135593221,0.0,6.186440677966102,22.978512847660767,11,106,False
Consumer Discretionary,QS,QuantumScape Corporation Class A Common Stock,5616274543.88,XNAS,Auto Parts,"MISCELLANEOUS ELECTRICAL MACHINERY, EQUIPMENT & SUPPLIES",0.5,14.437303567069437,,,-15.754052380519678,-7.011369321350369,-30.737818847832532,0.8026611025083767,,,4.2461195,,,,,,,3.589730062607722,3.8334747474747477,1781006400000,2026-06-09 08:00:00-04:00,7.625,34.31303860543315,60.68378942028151,46.5588230464,46.0636483706,39.9976256743,38.0711616992,-26.370750814848357,6.89538791532717,-33.26613873017553,0,,,50.0,50.0,50.0,24.107142857142858,50.0,46.11607142857143,11.016949152542374,8.474576271186441,0.0,9.40677966101695,22.255031779661017,14,107,False
Information Technology,HPQ,HP Inc.,23311884572.51,XNYS,Computer Hardware,COMPUTER & OFFICE EQUIPMENT,0.5,9.910085865062504,,,1.875348146314293,13.814467206313497,7.062481299839973,0.8936856491873156,8.431922,9.4,,21.32,4.69,,,,,8.073755510728676,7.300040404040403,1781006400000,2026-06-09 08:00:00-04:00,25.2,42.54971666402213,87.78900440270728,53.087218529,59.0932393139,54.6542970643,49.9832418516,-45.23928773868515,11.044902446135758,-56.28419018482091,0,,,50.0,75.24752475247524,82.89473684210526,50.0,7.142857142857143,59.10323457157745,0.847457627118644,0.0,0.0,0.5932203389830508,21.07172532039109,12,108,False
Consumer Discretionary,CHWY,"Chewy, Inc.",8744070608.039999,XNYS,Internet Retail,RETAIL-CATALOG & MAIL-ORDER HOUSES,0.6000000000000001,6.827770854355261,,,-4.7664442326024625,-16.204631812043402,-34.54952844867968,2.191500663148737,10.2991085,38.75,16.805672,0.37,,C,A,D,5.0,2.988251490891857,3.6355858585858583,1781006400000,2026-06-09 08:00:00-04:00,20.36,40.54770039287145,62.36283448226165,33.683088748,31.8000325287,22.4282313196,22.2070351471,-21.8151340893902,13.311534387553882,-35.12666847694408,0,50.0,50.0,50.0,55.445544554455445,21.05263157894737,2.6785714285714284,89.28571428571429,41.88535230402739,8.474576271186441,16.949152542372882,0.0,9.322033898305085,20.71919534030789,15,109,False
Materials,CLF,Cleveland-Cliffs Inc.,7580810791.53,XNYS,Steel,METAL MINING,-0.1,14.371891043465945,,,1.233812582848981,15.397848262523128,6.484073509190802,0.6524285577206324,28.88975,,1.2422848,0.43,,,,,,7.89903352828015,7.114363636363636,1781006400000,2026-06-09 08:00:00-04:00,12.9973,43.27249180495004,72.89682794583887,42.2858161162,41.1585038715,40.6200020651,36.9212886941,-29.624336140888822,10.758941960246288,-40.38327810113511,0,,,50.0,13.861386138613861,50.0,74.10714285714286,83.92857142857143,46.27784653465346,5.932203389830509,6.779661016949152,0.0,5.508474576271186,19.77775476170498,4,110,False
Financials,SOFI,"SoFi Technologies, Inc. Common Stock",21768118164.0,XNAS,Credit Services,FINANCE SERVICES,0.6000000000000001,14.510897989399577,,,-2.8768227808012137,-5.477932045363443,-30.830934262909782,1.1886019675734898,21.147339,36.666668,1.9556714,1.0,,,,,,3.77117132136786,3.870343434343434,1781006400000,2026-06-09 08:00:00-04:00,16.745,49.88113052279139,74.06832406539536,49.406420251,49.5219731788,42.6630798642,39.0229095379,-24.18719354260397,10.468414733731786,-34.655608276335755,0,,,50.0,20.792079207920793,23.68421052631579,47.32142857142857,66.66666666666667,39.18219899997519,10.169491525423728,11.016949152542374,0.0,9.322033898305083,19.77309168388962,21,111,False
Information Technology,PATH,"UiPath, Inc.",5808148310.52,XNYS,Software - Infrastructure,SERVICES-PREPACKAGED SOFTWARE,0.30000000000000004,23.920555764107426,,,-2.5752753268032946,0.07387779480743095,-17.435451419941284,1.0270180899916488,12.315054,18.616667,3.0552518,0.4,,,,,,4.5015542062650455,4.490929292929293,1781006400000,2026-06-09 08:00:00-04:00,11.026,41.371358518911045,77.45055323926115,56.2496984066,55.1747084171,54.7878742015,56.2451874805,-36.07919472035011,7.554226345920384,-43.63342106627049,0,,,50.0,43.56435643564357,50.0,35.714285714285715,86.9047619047619,48.09347006129184,5.084745762711864,2.542372881355932,0.0,4.067796610169491,19.476782318062313,13,112,False
Energy,UEC,Uranium Energy Corp.,6421892257.3,XASE,Uranium,MISCELLANEOUS METAL ORES,0.4,11.309362622432921,,,-28.830462375339984,-32.7690309319554,-32.316889163517224,2.165298601342242,,,4.3663435,1.37,,F,F,D,0.0,2.269925150132274,2.413484848484848,1781006400000,2026-06-09 08:00:00-04:00,11.655,29.51520375790851,52.1874750805414,37.8484349696,34.3116787967,25.9079752471,21.5465442668,-22.672271322632888,8.759833277813799,-31.432104600446685,0,0.0,0.0,0.0,50.0,50.0,23.214285714285715,57.142857142857146,26.339285714285715,14.40677966101695,15.254237288135593,0.0,13.135593220338984,17.75688559322034,6,113,False
Consumer Discretionary,RIVN,"Rivian Automotive, Inc. Class A Common Stock",20411569386.399998,XNAS,Auto Manufacturers,MOTOR VEHICLES & PASSENGER CAR BODIES,0.30000000000000004,10.788196595344573,,,-3.3970404544528043,-4.752157499147868,-5.444642883282425,0.7412727788265735,,,4.819691,,,,,,,4.661621125167966,4.3650101010101015,1781006400000,2026-06-09 08:00:00-04:00,16.59,47.13875980828239,83.19778565795434,43.2177897786,43.5154326955,31.0338122591,28.8179900986,-36.059025849671954,17.387991132951445,-53.447016982623396,0,,,50.0,50.0,50.0,17.857142857142858,50.0,45.17857142857143,1.694915254237288,3.389830508474576,0.0,1.8644067796610169,17.02436440677966,16,114,False
Health Care,HIMS,"Hims & Hers Health, Inc.",5832733914.0,XNYS,Drug Manufacturers - Specialty & Generic,SERVICES-OFFICES & CLINICS OF DOCTORS OF MEDICINE,-0.5,27.05061674445518,,,8.959336359981585,9.721273209130011,-17.64661415081964,0.8699555240011099,21.117182,,14.048604,2.15,,,,,,5.645373151999086,5.748282828282828,1781006400000,2026-06-09 08:00:00-04:00,28.02,59.208014389068246,83.53020882539168,35.8970854353,36.2057862563,35.5625922534,34.068827601,-24.322194436323436,15.989205523997228,-40.311399960320664,0,,,50.0,21.782178217821784,50.0,4.464285714285714,35.714285714285715,35.400901697312584,6.779661016949152,10.169491525423728,0.0,6.779661016949152,16.797095255076353,9,115,False
Information Technology,ONDS,Ondas Inc. Common Stock,5383682755.200001,XNAS,Communication Equipment,RADIO & TV BROADCASTING & COMMUNICATIONS EQUIPMENT,0.6000000000000001,32.32168061015989,,,-12.989719048382275,-8.213953963431885,1.2543852202965278,0.4584664633736506,,114.44444,4.4978166,,,,,,,5.197652128520764,5.342565656565656,1781006400000,2026-06-09 08:00:00-04:00,10.17,36.55881686549832,71.37308482259522,46.8157061104,46.3273441585,43.7702999621,42.4170011928,-34.814267957096895,9.20092828683174,-44.015196243928635,0,,,50.0,50.0,6.578947368421052,20.535714285714285,50.0,39.0671992481203,4.237288135593221,5.084745762711864,0.0,3.983050847457627,16.262502787689563,14,116,False
Information Technology,U,Unity Software Inc.,11149103823.38,XNYS,Software - Application,SERVICES-PREPACKAGED SOFTWARE,0.8,8.187324783950828,,,-4.999465488365463,1.5650000761927796,-20.493500955062128,1.1615089876613107,21.561565,,3.8507822,,,,,,,5.595770663744518,5.032121212121211,1781006400000,2026-06-09 08:00:00-04:00,29.12,47.85434242844323,85.45581399786121,43.7143292772,45.2044182057,39.2783336421,38.6084949532,-37.60147156941798,15.392493451920403,-52.99396502133838,0,,,50.0,19.801980198019802,50.0,28.571428571428573,50.0,39.236209335219236,2.542372881355932,1.694915254237288,0.0,2.11864406779661,15.109791911394527,15,117,False
Information Technology,TOST,"Toast, Inc.",13363200000.0,XNYS,Software - Infrastructure,SERVICES-COMPUTER PROCESSING & DATA PREPARATION,0.6000000000000001,7.624252413793103,,,0.1684932989132859,-7.3284861936605665,-24.880742382292876,0.6611663323418526,14.192834,35.97015,7.0241914,0.23,,,,,,4.295294004873844,4.269515151515152,1781006400000,2026-06-09 08:00:00-04:00,24.355,41.424889509249695,85.83009806907707,48.5256258505,45.7960456102,45.5705459384,43.3684974378,-44.40520855982737,13.419850710225688,-57.82505927005306,0,,,50.0,37.62376237623762,26.31578947368421,9.821428571428571,94.04761904761905,39.52890425320727,0.0,0.847457627118644,0.0,0.1694915254237288,13.945285980147968,16,118,False
Materials,USAR,"USA Rare Earth, Inc. Class A Common Stock",5417529040.139999,XNAS,Other Industrial Metals & Mining,METAL MINING,1.0,9.863897997235112,,,-18.597555604316053,-10.725154147314997,3.5358116265470807,0.7547543958650169,666.3666,,6.6756835,,,,,,,4.587188533716852,5.304444444444444,1781006400000,2026-06-09 08:00:00-04:00,22.23,31.71821887667005,66.42031191286264,44.0998806097,30.7201384348,24.0075865672,23.2839779966,-34.70209303619259,14.137575115220882,-48.83966815141348,0,,,50.0,0.9900990099009901,50.0,10.714285714285714,50.0,31.854667609618105,3.389830508474576,5.932203389830509,0.0,3.5593220338983054,13.462692985400233,5,119,False
